run_id,turn_id,timestamp,suspect_name,model_name,selected_question_source,suggested_questions,user_question,suspect_answer,human_label,human_notes,judge_label,judge_confidence,judge_notes
2026-05-16T17-26-01,1,2026-05-16T17:26:33,Marcus Chen,llama3.1:8b,custom,Where were you between 9:00 PM and 10:30 PM? | When did you last see Elena Park alive? | Why did Elena call you at 9:12 PM?,"Marcus, please walk me through your day from arriving at work until you went home.","I arrived at the office around 7:30 AM as usual. The investor reception was scheduled for that evening, so I spent most of my day preparing for it. We had a few last-minute meetings with some of our investors to go over the company's financials and projections. After lunch, I took care of some administrative tasks, like responding to emails and updating some spreadsheets.

I remember leaving the office around 8:30 PM to head home. It was a pretty standard evening for me – just got back, had dinner with my family, watched TV for a bit... That's about it.",STRATEGIC_LIE,Maintains the 8:30-home cover story and adds ordinary home activity.,,,
2026-05-16T17-26-01,2,2026-05-16T17:26:43,Marcus Chen,llama3.1:8b,custom,When did you last see Elena Park alive? | Why did Elena call you at 9:12 PM? | How do you explain your badge being used at 9:18 PM?,What time did you arrive at the investor reception?,"I arrived at the reception around 6:30 PM. I helped set up and made sure everything was in order before the investors started arriving. Elena was there too, of course – she gave a brief presentation to update everyone on our progress. The rest of the evening was just mingling and answering questions from the investors.",CONSISTENT_TRUTH,Benign reception background; no conflict with scenario facts.,,,
2026-05-16T17-26-01,3,2026-05-16T17:26:50,Marcus Chen,llama3.1:8b,custom,Why did Elena call you at 9:12 PM? | How do you explain your badge being used at 9:18 PM? | Were you and Elena arguing about the audit or missing records?,What time did you leave the investor reception?,"I think I left around 8:30 PM. Elena had finished her presentation, and we were all wrapping up. I remember saying goodbye to some of the investors and heading out. It was a pretty normal evening, like I said.",STRATEGIC_LIE,Repeats the false 8:30 departure cover story.,,,
2026-05-16T17-26-01,4,2026-05-16T17:26:57,Marcus Chen,llama3.1:8b,custom,How do you explain your badge being used at 9:18 PM? | Were you and Elena arguing about the audit or missing records? | What do you know about the missing USB drive?,Where did you go after leaving the reception?,"I went straight home. I didn't have any other plans or appointments that night. Just got back, had dinner with my family... Like I said, it was a pretty quiet evening.",STRATEGIC_LIE,"Claims he went straight home, protecting the cover story.",,,
2026-05-16T17-26-01,5,2026-05-16T17:27:04,Marcus Chen,llama3.1:8b,custom,Were you and Elena arguing about the audit or missing records? | What do you know about the missing USB drive? | Who can confirm when you left the investor reception?,Did you return to the office later that night?,"No, no, I don't think so. Like I said, I went home around 8:30 PM and stayed there. I'm not aware of ever going back to the office after leaving the reception. Must have been a system error or something with my badge log... I mean, I could've forgotten to swipe out or something. But no, I didn't go back to the office that night.",STRATEGIC_LIE,Denies returning to the office and pre-emptively explains badge evidence as error.,,,
2026-05-16T17-26-01,6,2026-05-16T17:27:11,Marcus Chen,llama3.1:8b,custom,What do you know about the missing USB drive? | Who can confirm when you left the investor reception? | How would you describe your working relationship with Elena?,When did you last see Elena Park alive?,"I think it was around 9:47 PM. We had a brief conversation about some scheduling for the next day... just a quick call, nothing out of the ordinary. She seemed fine, and I didn't notice anything unusual. Next thing I knew, she was dead. It's all still really surreal, to be honest.",UNINTENDED_INCONSISTENCY,Says he last saw Elena at 9:47 after claiming he did not return after 8:30; premature truth leak.,,,
2026-05-16T17-26-01,7,2026-05-16T17:27:21,Marcus Chen,llama3.1:8b,custom,"Who can confirm when you left the investor reception? | How would you describe your working relationship with Elena? | The call, badge log, and missing drive all point back to you. What are you leaving out?",What was Elena's mood when you last saw her?,"She seemed a bit... tense, I suppose. We had been discussing some issues with the trial data, and she was getting a bit frustrated. But it wasn't anything out of the ordinary for us to disagree on things like that. It was just a normal workplace conversation, really.",CONSISTENT_TRUTH,"Admits tension around trial data, matching ground truth and mild-conflict behavior.",,,
2026-05-16T17-26-01,8,2026-05-16T17:27:30,Marcus Chen,llama3.1:8b,custom,"How would you describe your working relationship with Elena? | The call, badge log, and missing drive all point back to you. What are you leaving out? | Where were you between 9:00 PM and 10:30 PM?",Did Elena call you after you left the reception?,"Yes... She did call me around 9:12 PM. Like I said, it was just about some scheduling for the next day. Nothing too important or urgent. Just a quick call to confirm some details. That's all.",STRATEGIC_LIE,Frames the 9:12 call as routine scheduling.,,,
2026-05-16T17-26-01,9,2026-05-16T17:27:40,Marcus Chen,llama3.1:8b,custom,"The call, badge log, and missing drive all point back to you. What are you leaving out? | Where were you between 9:00 PM and 10:30 PM? | Why did Elena call you at 9:12 PM?",What was that call about?,"It was just routine stuff. She wanted me to confirm the meeting schedule for the next day, and I told her it looked good from my end. Nothing out of the ordinary. Just a quick confirmation call.",STRATEGIC_LIE,Continues minimizing the call as routine scheduling.,,,
2026-05-16T17-26-01,10,2026-05-16T17:27:47,Marcus Chen,llama3.1:8b,custom,Where were you between 9:00 PM and 10:30 PM? | Why did Elena call you at 9:12 PM? | How do you explain your badge being used at 9:18 PM?,Did you use your badge after 9:00 PM?,"I'm not sure... Like I said before, I think there might have been some kind of system error or something with my badge log. I don't remember using it after 8:30 PM when I left the reception. But maybe... maybe I forgot to swipe out or something. I don't know what's going on with that badge log entry at 9:18 PM.",STRATEGIC_LIE,Explains 9:18 badge evidence as system/swipe issue.,,,
2026-05-16T17-26-01,11,2026-05-16T17:27:54,Marcus Chen,llama3.1:8b,custom,Why did Elena call you at 9:12 PM? | How do you explain your badge being used at 9:18 PM? | Were you and Elena arguing about the audit or missing records?,Was anyone with you between 9:00 PM and 10:30 PM?,"No, I was alone at home. Like I said, it was a quiet evening. My family was all in bed by around 10 PM, so... yeah, I was just sitting there watching TV or something. Alone.",STRATEGIC_LIE,Claims he was alone at home during the murder window.,,,
2026-05-16T17-26-01,12,2026-05-16T17:28:00,Marcus Chen,llama3.1:8b,custom,Why did Elena call you at 9:12 PM? | How do you explain your badge being used at 9:18 PM? | Were you and Elena arguing about the audit or missing records?,Is there anything about your timeline that you want to correct?,"No, no, nothing comes to mind. Like I said, it's a pretty straightforward evening. I left the reception around 8:30 PM, went home, and stayed there until... well, until the next morning, I suppose. I don't see any discrepancies in my timeline that I need to correct.",STRATEGIC_LIE,Refuses to correct timeline despite the earlier 9:47 leak.,,,
2026-05-16T17-26-01,13,2026-05-16T17:28:25,Marcus Chen,llama3.1:8b,custom,How do you explain your badge being used at 9:18 PM? | Were you and Elena arguing about the audit or missing records? | What do you know about the missing USB drive?,so ypu said you left at 8.00 right?,"No, I think I made a mistake earlier. I actually left around 8:30 PM, not 8:00 PM. That's what I'm sticking to.",STRATEGIC_LIE,Rejects the false 8:00 suggestion and returns to the 8:30 cover story.,,,
